buffer_size,episode,episode_length,episode_reward,fps,frame,step,total_time
5100.0,34.0,300.0,107.03361688146833,0.6237936621566443,10200,5100.0,480.92826795578003
5250.0,35.0,300.0,12.484807118513118,24.596753510774715,10500,5250.0,493.12499809265137
5400.0,36.0,300.0,18.079408829850763,25.274956713597103,10800,5400.0,504.99445509910583
5550.0,37.0,300.0,12.561323988534241,24.658371965804125,11100,5550.0,517.1607096195221
5700.0,38.0,300.0,24.710727985249832,24.34112525613202,11400,5700.0,529.4855318069458
5850.0,39.0,300.0,69.11385031137615,24.857131241395113,11700,5850.0,541.5545029640198
6000.0,40.0,300.0,72.48363779485226,25.49551259225345,12000,6000.0,553.3212807178497
6150.0,41.0,300.0,19.707682508043945,27.10749832297706,12300,6150.0,564.3883311748505
6300.0,42.0,300.0,16.467578794807196,23.57894894643074,12600,6300.0,577.111546754837
6450.0,43.0,300.0,43.13777848274913,24.703205586783962,12900,6450.0,589.2557210922241
6600.0,44.0,300.0,59.30756339803338,24.779688067962084,13200,6600.0,601.3624114990234
6750.0,45.0,300.0,154.0091502200812,24.905178850737606,13500,6750.0,613.4080994129181
6900.0,46.0,300.0,36.45354981483251,24.665026776236893,13800,6900.0,625.5710716247559
7050.0,47.0,300.0,13.225418210957287,24.73994368226919,14100,7050.0,637.6972122192383
7200.0,48.0,300.0,19.879345365683548,24.70332343793038,14400,7200.0,649.8413286209106
7350.0,49.0,300.0,14.486710229801247,25.478696275374492,14700,7350.0,661.6158723831177
7500.0,50.0,300.0,12.71330587763805,24.783600409697467,15000,7500.0,673.7206521034241
7650.0,51.0,300.0,48.15424698451534,24.707965630494435,15300,7650.0,685.8624861240387
7800.0,52.0,300.0,10.092395318773924,24.7569812696377,15600,7800.0,697.9802815914154
7950.0,53.0,300.0,73.5259655603295,24.841808319400727,15900,7950.0,710.0566985607147
8100.0,54.0,300.0,8.245838530749097,25.339569828442684,16200,8100.0,721.8958897590637
8250.0,55.0,300.0,26.53450362540525,25.09723326149633,16500,8250.0,733.8494002819061
8400.0,56.0,300.0,28.965523376769852,25.014180533352658,16800,8400.0,745.8425986766815
8550.0,57.0,300.0,31.41590966138756,25.37010356651551,17100,8550.0,757.6675417423248
8700.0,58.0,300.0,22.826007015581126,25.535616498181426,17400,8700.0,769.4158396720886
8850.0,59.0,300.0,109.32794199202908,26.36885943962628,17700,8850.0,780.7928972244263
9000.0,60.0,300.0,50.265129496809095,24.074784614025294,18000,9000.0,793.2540683746338
9150.0,61.0,300.0,45.240938347167685,25.28153505780607,18300,9150.0,805.1204371452332
9300.0,62.0,300.0,19.47213433754223,25.67753935661917,18600,9300.0,816.8038008213043
9450.0,63.0,300.0,80.17794648197014,24.47992013844413,18900,9450.0,829.0587439537048
9600.0,64.0,300.0,45.21785067262681,24.536966574403934,19200,9600.0,841.2851946353912
9750.0,65.0,300.0,104.70127238026544,25.08457106080269,19500,9750.0,853.244738817215
9900.0,66.0,300.0,46.851742408069185,24.84519330210922,19800,9900.0,865.3195097446442
10050.0,67.0,300.0,130.43097905238392,4.087312173162974,20100,10050.0,938.7173783779144
10200.0,68.0,300.0,78.45844283205224,25.41953690625204,20400,10200.0,950.5193254947662
10350.0,69.0,300.0,30.860843019851018,25.393980791336304,20700,10350.0,962.3331496715546
10500.0,70.0,300.0,50.72919828696104,24.899227473457145,21000,10500.0,974.3817174434662
10650.0,71.0,300.0,24.73731739670984,25.269974706150894,21300,10650.0,986.2535157203674
10800.0,72.0,300.0,27.673230966133815,25.313490245346227,21600,10800.0,998.1049046516418
10950.0,73.0,300.0,29.732453796043046,25.953098794441978,21900,10950.0,1009.6642189025879
11100.0,74.0,300.0,31.243100452566978,24.809952032837145,22200,11100.0,1021.7561419010162
11250.0,75.0,300.0,30.108110585675604,25.29241811700761,22500,11250.0,1033.6174058914185
11400.0,76.0,300.0,78.02878630680061,25.156885255531005,22800,11400.0,1045.5425715446472
11550.0,77.0,300.0,35.53525465016719,24.6715192562329,23100,11550.0,1057.7023422718048
11700.0,78.0,300.0,60.60230452148244,25.56021453179557,23400,11700.0,1069.4393336772919
11850.0,79.0,300.0,99.6097693842894,25.152680718217503,23700,11850.0,1081.3664927482605
12000.0,80.0,300.0,30.92968312976882,24.783729280289098,24000,12000.0,1093.4712092876434
12150.0,81.0,300.0,27.15436455498275,25.232233725230785,24300,12150.0,1105.3607640266418
12300.0,82.0,300.0,80.07869119355746,25.521320166703678,24600,12300.0,1117.1156425476074
12450.0,83.0,300.0,60.69651717427769,25.44828880852758,24900,12450.0,1128.9042553901672
12600.0,84.0,300.0,25.921049310316448,24.558792536651175,25200,12600.0,1141.1198406219482
12750.0,85.0,300.0,24.986646349178045,24.78401777954014,25500,12750.0,1153.224416732788
12900.0,86.0,300.0,59.96236977503213,25.1475145975718,25800,12900.0,1165.1540257930756
13050.0,87.0,300.0,14.290446735609294,25.122123062048644,26100,13050.0,1177.095692396164
13200.0,88.0,300.0,98.67107449838659,24.83774912635967,26400,13200.0,1189.174082994461
13350.0,89.0,300.0,33.881915234188455,25.226178641446808,26700,13350.0,1201.06649184227
13500.0,90.0,300.0,51.63611012438196,24.81791113461013,27000,13500.0,1213.1545369625092
13650.0,91.0,300.0,27.01780577887257,25.256187101583272,27300,13650.0,1225.0328149795532
13800.0,92.0,300.0,121.59915657230886,24.57885153082213,27600,13800.0,1237.2384309768677
13950.0,93.0,300.0,78.22992471733596,25.28302751935035,27900,13950.0,1249.1040992736816
14100.0,94.0,300.0,132.4809964641463,25.532221074665458,28200,14100.0,1260.8539590835571
14250.0,95.0,300.0,68.96120343508665,26.181387996963746,28500,14250.0,1272.3124823570251
14400.0,96.0,300.0,29.483463180833496,24.818446165449284,28800,14400.0,1284.4002661705017
14550.0,97.0,300.0,30.818738549016416,24.927195459323983,29100,14550.0,1296.4353156089783
14700.0,98.0,300.0,96.60883342791931,25.008550229317866,29400,14700.0,1308.4312136173248
14850.0,99.0,300.0,26.482698637948488,25.389124908043733,29700,14850.0,1320.2472977638245
15000.0,100.0,300.0,24.949501369948848,25.131334761426807,30000,15000.0,1332.1845874786377
15150.0,101.0,300.0,114.55179280461743,4.093342232329606,30300,15150.0,1405.4743313789368
15300.0,102.0,300.0,64.91782516241074,25.67659410769161,30600,15300.0,1417.158124923706
15450.0,103.0,300.0,32.836843761724595,25.463170684936763,30900,15450.0,1428.9398484230042
15600.0,104.0,300.0,99.78192304214463,24.813583274892924,31200,15600.0,1441.0300016403198
15750.0,105.0,300.0,24.400882384747092,25.16074253643734,31500,15750.0,1452.9533398151398
15900.0,106.0,300.0,35.78540791379055,25.299908454828902,31800,15900.0,1464.8110918998718
16050.0,107.0,300.0,21.114141726327944,25.505890983779818,32100,16050.0,1476.5730803012848
16200.0,108.0,300.0,43.42066165397409,25.439004309235326,32400,16200.0,1488.3659954071045
16350.0,109.0,300.0,31.54771217092639,24.991795630470868,32700,16350.0,1500.3699357509613
16500.0,110.0,300.0,85.2763334820047,25.04311424279715,33000,16500.0,1512.3492784500122
16650.0,111.0,300.0,34.42378407609067,25.35227936678537,33300,16650.0,1524.1825337409973
16800.0,112.0,300.0,33.04532474809821,25.707227990220684,33600,16800.0,1535.85240483284
16950.0,113.0,300.0,80.13922610602458,26.134427019917364,33900,16950.0,1547.3315165042877
17100.0,114.0,300.0,44.411406140134204,25.125125818696358,34200,17100.0,1559.271755695343
17250.0,115.0,300.0,107.46578628671705,24.58635123803295,34500,17250.0,1571.4736485481262
17400.0,116.0,300.0,44.45283526038838,24.98902365893023,34800,17400.0,1583.4789209365845
17550.0,117.0,300.0,46.38924782970571,25.152411727970176,35100,17550.0,1595.4062073230743
17700.0,118.0,300.0,49.61362419347279,25.319947533433915,35400,17700.0,1607.25457406044
17850.0,119.0,300.0,73.74657825857867,25.145548641219612,35700,17850.0,1619.1851155757904
18000.0,120.0,300.0,90.78500287764473,24.424746892592594,36000,18000.0,1631.4677414894104
18150.0,121.0,300.0,52.281011878429126,25.30074681056149,36300,18150.0,1643.3250997066498
18300.0,122.0,300.0,18.48083261382999,25.65139097949063,36600,18300.0,1655.0203726291656
18450.0,123.0,300.0,133.26639581890777,25.65160381235689,36900,18450.0,1666.7155487537384
18600.0,124.0,300.0,108.69153521570843,25.145416482890816,37200,18600.0,1678.6461539268494
18750.0,125.0,300.0,31.910930410725996,24.34780212673918,37500,18750.0,1690.9675951004028
18900.0,126.0,300.0,48.69125007814728,25.176628298267918,37800,18900.0,1702.883409500122
19050.0,127.0,300.0,69.3369893116178,25.958246189786372,38100,19050.0,1714.4404315948486
19200.0,128.0,300.0,120.74870624497999,25.627623524868724,38400,19200.0,1726.146550655365
19350.0,129.0,300.0,129.62847771469387,25.046846968467325,38700,19350.0,1738.1241071224213
19500.0,130.0,300.0,76.46066128545499,24.398333905760033,39000,19500.0,1750.4200303554535
19650.0,131.0,300.0,61.53554093372077,25.366623656200115,39300,19650.0,1762.2465960979462
19800.0,132.0,300.0,85.08710488962242,25.61066016634813,39600,19800.0,1773.960468530655
19950.0,133.0,300.0,61.14912796897261,25.07241221525786,39900,19950.0,1785.9258127212524
20100.0,134.0,300.0,121.57000431038614,4.214755285168592,40200,20100.0,1857.1043226718903
20250.0,135.0,300.0,67.46546779724304,24.447631788384264,40500,20250.0,1869.3754510879517
20400.0,136.0,300.0,70.97378185922571,25.280799559548853,40800,20400.0,1881.2421650886536
20550.0,137.0,300.0,87.96753258799436,25.55411779777244,41100,20550.0,1892.9819564819336
20700.0,138.0,300.0,65.18543010624126,25.201334696694417,41400,20700.0,1904.886088848114
20850.0,139.0,300.0,27.835013156029163,25.061444087831944,41700,20850.0,1916.85666847229
21000.0,140.0,300.0,34.14487733680289,24.615929730390008,42000,21000.0,1929.0438990592957
21150.0,141.0,300.0,24.213862972217612,25.049522074948662,42300,21150.0,1941.0201766490936
21300.0,142.0,300.0,49.19933591858717,25.56651988486919,42600,21300.0,1952.7542734146118
21450.0,143.0,300.0,137.95818196842447,25.807792317748138,42900,21450.0,1964.3786704540253
21600.0,144.0,300.0,128.24330481141806,24.527868847985214,43200,21600.0,1976.6096563339233
21750.0,145.0,300.0,34.25933225778863,24.88404798954748,43500,21750.0,1988.6655733585358
21900.0,146.0,300.0,47.79288092860952,25.065261668879224,43800,21900.0,2000.6343297958374
22050.0,147.0,300.0,30.250905033535673,25.714939270281228,44100,22050.0,2012.3007011413574
22200.0,148.0,300.0,25.69945512767299,24.97301335739079,44400,22200.0,2024.313669681549
22350.0,149.0,300.0,63.62332280625196,24.646961587001982,44700,22350.0,2036.485556602478
22500.0,150.0,300.0,105.57179145421833,24.88885829599632,45000,22500.0,2048.5391438007355
22650.0,151.0,300.0,57.63382955873385,24.88620016631131,45300,22650.0,2060.5940182209015
22800.0,152.0,300.0,39.22909305850044,25.48018063251756,45600,22800.0,2072.3678760528564
22950.0,153.0,300.0,144.61826707265573,25.485153999013804,45900,22950.0,2084.1394362449646
23100.0,154.0,300.0,25.582024072413333,24.96722966182392,46200,23100.0,2096.155187368393
23250.0,155.0,300.0,43.68878554669209,24.94601814813209,46500,23250.0,2108.1811554431915
23400.0,156.0,300.0,135.90776083990932,25.34000664447291,46800,23400.0,2120.0201432704926
23550.0,157.0,300.0,16.98010595352389,25.82525324749238,47100,23550.0,2131.6366803646088
23700.0,158.0,300.0,78.58706821186934,25.573993633549282,47400,23700.0,2143.3673481941223
23850.0,159.0,300.0,55.35667315241881,24.643022764903037,47700,23850.0,2155.5411801338196
24000.0,160.0,300.0,133.67383129522204,24.836616143218606,48000,24000.0,2167.6201207637787
24150.0,161.0,300.0,56.30217963270843,25.45062617817169,48300,24150.0,2179.4076511859894
24300.0,162.0,300.0,74.83151347283274,25.445217063496262,48600,24300.0,2191.1976869106293
24450.0,163.0,300.0,40.10355550004169,25.507313360539566,48900,24450.0,2202.9590225219727
24600.0,164.0,300.0,48.34575380710885,24.45360207983975,49200,24600.0,2215.227154970169
24750.0,165.0,300.0,32.71652499280026,24.63796496309243,49500,24750.0,2227.403485774994
24900.0,166.0,300.0,35.00664189059944,25.689024134050484,49800,24900.0,2239.0816254615784
25050.0,167.0,300.0,94.14199531808845,4.1138214709961956,50100,25050.0,2312.0065217018127
25200.0,168.0,300.0,47.71778771470417,25.07635507577933,50400,25200.0,2323.969989299774
25350.0,169.0,300.0,66.14934499222727,24.650439995701863,50700,25350.0,2336.140158891678
25500.0,170.0,300.0,71.50929230079055,24.794747299599038,51000,25500.0,2348.2394959926605
25650.0,171.0,300.0,24.72308047208935,25.461660487032784,51300,25650.0,2360.0219180583954
25800.0,172.0,300.0,72.4574647260306,25.459814074274746,51600,25800.0,2371.8051941394806
25950.0,173.0,300.0,169.28821784519823,24.909773942665943,51900,25950.0,2383.8486607074738
26100.0,174.0,300.0,63.958573516778415,24.294931838656506,52200,26100.0,2396.196916818619
26250.0,175.0,300.0,53.820572329248535,25.345877565804617,52500,26250.0,2408.033161878586
26400.0,176.0,300.0,47.770736549340654,25.370410994257693,52800,26400.0,2419.8579614162445
26550.0,177.0,300.0,43.23247063497547,26.26199768229936,53100,26550.0,2431.2813127040863
26700.0,178.0,300.0,78.38692704995628,25.51966745955379,53400,26700.0,2443.0369527339935
26850.0,179.0,300.0,218.49456809065305,24.49870610375231,53700,26850.0,2455.28249835968
27000.0,180.0,300.0,95.46270447101051,24.859163349651762,54000,27000.0,2467.3504841327667
27150.0,181.0,300.0,123.69135005772114,25.59054620080741,54300,27150.0,2479.073564052582
27300.0,182.0,300.0,83.63141216523945,25.76885858251323,54600,27300.0,2490.7155241966248
27450.0,183.0,300.0,64.59975520905573,25.011549759696223,54900,27450.0,2502.7099871635437
27600.0,184.0,300.0,49.387359202839434,24.67157440254197,55200,27600.0,2514.869730949402
27750.0,185.0,300.0,21.088066958594027,24.663243333066895,55500,27750.0,2527.0335822105408
27900.0,186.0,300.0,78.89265477180743,25.311648965788724,55800,27900.0,2538.8858337402344
28050.0,187.0,300.0,100.17259987042053,25.658005613724598,56100,28050.0,2550.5780913829803
28200.0,188.0,300.0,48.711130551513634,25.06838319452289,56400,28200.0,2562.5453577041626
28217.0,189.0,34.0,84.75954365730286,22.981958030620728,56434,28217.0,2564.024780035019
28367.0,190.0,300.0,77.22329618068761,24.564694003628993,56734,28367.0,2576.237431049347
28517.0,191.0,300.0,26.672919691096467,25.12260608320718,57034,28517.0,2588.178867816925
28667.0,192.0,300.0,78.03718425100669,25.485512226528595,57334,28667.0,2599.950262784958
28817.0,193.0,300.0,114.37365754134953,25.60699409781419,57634,28817.0,2611.6658129692078
28967.0,194.0,300.0,96.53154742869083,24.930160192902896,57934,28967.0,2623.699431180954
29117.0,195.0,300.0,97.98951710900292,24.84323803220514,58234,29117.0,2635.775152206421
29267.0,196.0,300.0,201.23648264911026,25.365873994527764,58534,29267.0,2647.602066755295
29417.0,197.0,300.0,141.47635413671378,25.292920419248315,58834,29417.0,2659.4630942344666
29567.0,198.0,300.0,46.402042640547734,25.31491467106033,59134,29567.0,2671.313816308975
29717.0,199.0,300.0,61.77917328232434,24.84795553490155,59434,29717.0,2683.3872451782227
29867.0,200.0,300.0,235.71510435966775,24.69542844247907,59734,29867.0,2695.535243988037
30017.0,201.0,300.0,56.48053705971688,4.282036242635054,60034,30017.0,2765.5953710079193
30167.0,202.0,300.0,138.83147943113,25.706607212205288,60334,30167.0,2777.2655234336853
30317.0,203.0,300.0,95.3706282703206,25.64759248077365,60634,30317.0,2788.9625289440155
30467.0,204.0,300.0,147.61023808689788,25.363078239344595,60934,30467.0,2800.7907469272614
30617.0,205.0,300.0,133.24250261019915,25.49846163136582,61234,30617.0,2812.556163787842
30637.0,206.0,40.0,46.10624706745148,25.09666511992901,61274,30637.0,2814.150001525879
30787.0,207.0,300.0,99.27225762722082,25.385307910726937,61574,30787.0,2825.96786236763
30937.0,208.0,300.0,73.61309503531083,26.000097446806876,61874,30937.0,2837.506281375885
31087.0,209.0,300.0,48.697632557246834,25.857582067161587,62174,31087.0,2849.1082949638367
31237.0,210.0,300.0,99.72862253896892,25.72957862208974,62474,31237.0,2860.7680282592773
31387.0,211.0,300.0,156.11306938529015,26.20281289777983,62774,31387.0,2872.217181444168
31537.0,212.0,300.0,78.95995660219342,25.996531733055836,63074,31537.0,2883.7571828365326
31687.0,213.0,300.0,227.10016654990613,25.92852664995385,63374,31687.0,2895.3274517059326
31837.0,214.0,300.0,62.9284270205535,25.94307221729276,63674,31837.0,2906.891233444214
31987.0,215.0,300.0,89.44897594721988,25.59230179479907,63974,31987.0,2918.6135091781616
32137.0,216.0,300.0,244.84455625712872,25.824899716162193,64274,32137.0,2930.2302057743073
32287.0,217.0,300.0,211.782710313797,26.284537550480795,64574,32287.0,2941.643760919571
32437.0,218.0,300.0,70.33316737340647,26.350178627734334,64874,32437.0,2953.0288841724396
32587.0,219.0,300.0,68.42521890765056,26.599280505886636,65174,32587.0,2964.307385444641
32737.0,220.0,300.0,156.81329247925896,26.120013698001415,65474,32737.0,2975.792832136154
32887.0,221.0,300.0,56.32969855805277,25.90615560750411,65774,32887.0,2987.3730924129486
33037.0,222.0,300.0,119.8061200203374,26.598268426452936,66074,33037.0,2998.6520228385925
33187.0,223.0,300.0,142.42455992952455,26.59322042495346,66374,33187.0,3009.933094739914
33337.0,224.0,300.0,84.39793098322116,25.25622867052615,66674,33337.0,3021.811354637146
33487.0,225.0,300.0,112.21290152792062,25.724370043940468,66974,33487.0,3033.473448038101
33637.0,226.0,300.0,133.90871640027035,26.043491755644563,67274,33637.0,3044.9926414489746
33787.0,227.0,300.0,39.02411083152401,25.347381208223013,67574,33787.0,3056.8281848430634
33937.0,228.0,300.0,137.90168959926814,26.270040493056804,67874,33937.0,3068.2480380535126
34087.0,229.0,300.0,121.00557450018823,25.737065898742355,68174,34087.0,3079.9043793678284
34237.0,230.0,300.0,58.684092261013575,25.607986866020834,68474,34237.0,3091.619475364685
34387.0,231.0,300.0,89.08144215354696,26.208489439621168,68774,34387.0,3103.066148996353
34537.0,232.0,300.0,89.70342006406281,26.69526628072576,69074,34537.0,3114.304097175598
34687.0,233.0,300.0,80.06908741593361,26.71002453781761,69374,34687.0,3125.535835981369
34837.0,234.0,300.0,231.95378669630736,26.401085374821033,69674,34837.0,3136.8990066051483
34987.0,235.0,300.0,53.49975542076936,25.66101696159606,69974,34987.0,3148.5898926258087
35137.0,236.0,300.0,176.51964310370386,4.343595116055525,70274,35137.0,3217.6571037769318
35287.0,237.0,300.0,58.973523183725774,26.35257368096467,70574,35287.0,3229.041192293167
35437.0,238.0,300.0,117.62642489466816,26.380409720000486,70874,35437.0,3240.4132680892944
35587.0,239.0,300.0,20.89550886745201,25.690427146610677,71174,35587.0,3252.09077000618
35737.0,240.0,300.0,32.494564161403105,26.01827048276977,71474,35737.0,3263.6211297512054
35887.0,241.0,300.0,97.39634861773811,25.984029921388622,71774,35887.0,3275.166683912277
36037.0,242.0,300.0,129.45455048559234,26.417378477896975,72074,36037.0,3286.5228452682495
36187.0,243.0,300.0,108.76826268536388,26.69924663802615,72374,36187.0,3297.7591183185577
36337.0,244.0,300.0,97.43966641277075,29.569783779519494,72674,36337.0,3307.90461063385
36487.0,245.0,300.0,155.2016496695578,29.504716156572446,72974,36487.0,3318.072477579117
36637.0,246.0,300.0,283.9949579848908,29.274849485204115,73274,36637.0,3328.320182800293
36643.0,247.0,12.0,29.472294569015503,26.079884843953298,73286,36643.0,3328.780307531357
36793.0,248.0,300.0,98.09968985761225,29.67640837806504,73586,36793.0,3338.889348268509
36943.0,249.0,300.0,177.1444719331339,29.349650077090313,73886,36943.0,3349.1109354496
37093.0,250.0,300.0,28.964573925671175,29.56001826282994,74186,37093.0,3359.259779691696
37243.0,251.0,300.0,183.78618348417058,29.345405605643688,74486,37243.0,3369.482845544815
37393.0,252.0,300.0,506.14670288562775,29.299770862686476,74786,37393.0,3379.7218341827393
37543.0,253.0,300.0,123.62653744919226,29.21043116132925,75086,37543.0,3389.9921383857727
37693.0,254.0,300.0,322.9569596173242,29.355472906957992,75386,37693.0,3400.2116985321045
37843.0,255.0,300.0,225.8076515654102,29.38073829410593,75686,37843.0,3410.4224705696106
37993.0,256.0,300.0,157.50463243201375,29.09944171834573,75986,37993.0,3420.7319474220276
38143.0,257.0,300.0,76.42306621864554,29.568755380273938,76286,38143.0,3430.877793073654
38293.0,258.0,300.0,101.59678791929036,29.308238057601397,76586,38293.0,3441.113823890686
38443.0,259.0,300.0,135.16118257120252,29.24256509031956,76886,38443.0,3451.372842311859
38593.0,260.0,300.0,86.81279145419103,29.168756938871127,77186,38593.0,3461.657820224762
38743.0,261.0,300.0,36.00407812837511,29.394748939335756,77486,38743.0,3471.863725423813
38893.0,262.0,300.0,282.748543725349,29.223920760467337,77786,38893.0,3482.1292889118195
39043.0,263.0,300.0,44.75655623432249,29.569220235668077,78086,39043.0,3492.274974822998
39193.0,264.0,300.0,164.6714982651174,29.041772668839634,78386,39193.0,3502.604923248291
39343.0,265.0,300.0,347.34458765387535,28.933878347815472,78686,39343.0,3512.9733929634094
39493.0,266.0,300.0,129.7798619121313,29.44224743327346,78986,39493.0,3523.162833213806
39643.0,267.0,300.0,94.96798033826053,29.799379596402318,79286,39643.0,3533.2301576137543
39793.0,268.0,300.0,62.80600482092996,29.39208140535262,79586,39793.0,3543.4369893074036
39943.0,269.0,300.0,76.0187401548028,29.429816530251586,79886,39943.0,3553.6307334899902
40093.0,270.0,300.0,39.524985443875266,5.2158507226430775,80186,40093.0,3611.1477177143097
40243.0,271.0,300.0,68.79538684646832,29.444413517024888,80486,40243.0,3621.336408853531
40393.0,272.0,300.0,149.7979480177164,29.537069915787423,80786,40393.0,3631.4931378364563
40543.0,273.0,300.0,29.320386485278505,29.382073372661797,81086,40543.0,3641.703445672989
40693.0,274.0,300.0,12.600337596362351,29.463119575419032,81386,40693.0,3651.8856678009033
40843.0,275.0,300.0,211.11437571328133,29.13698531168896,81686,40843.0,3662.1818606853485
40993.0,276.0,300.0,221.1579413190484,29.304319486435123,81986,40993.0,3672.4192595481873
41023.0,277.0,60.0,22.907895378768444,28.799575933978634,82046,41023.0,3674.5026242733
41173.0,278.0,300.0,67.31656193525123,29.556550688124204,82346,41173.0,3684.65265917778
41323.0,279.0,300.0,93.27249130787095,29.43030318452936,82646,41323.0,3694.84623503685
41473.0,280.0,300.0,33.23252924095141,29.082243671846268,82946,41473.0,3705.1618082523346
41623.0,281.0,300.0,170.28226490563247,29.19818029300485,83246,41623.0,3715.436422109604
41773.0,282.0,300.0,118.81529475853313,29.095557248678226,83546,41773.0,3725.747275352478
41923.0,283.0,300.0,184.3764356242027,29.11216282417209,83846,41923.0,3736.0522475242615
42073.0,284.0,300.0,106.91514603030373,29.223920760467337,84146,42073.0,3746.3178112506866
42077.0,285.0,8.0,18.9168643951416,28.80379352940217,84154,42077.0,3746.5955526828766
42227.0,286.0,300.0,65.86894650477916,28.74195494309005,84454,42227.0,3757.033257007599
42377.0,287.0,300.0,202.90169447660446,29.03926665726763,84754,42377.0,3767.364096879959
42527.0,288.0,300.0,43.979722566960845,29.281710408258267,85054,42527.0,3777.6094007492065
42677.0,289.0,300.0,139.43003694876097,29.279148511823294,85354,42677.0,3787.85560131073
42827.0,290.0,300.0,238.1468747658655,29.313403899853828,85654,42827.0,3798.089828491211
42977.0,291.0,300.0,77.71761541580781,29.339553247091434,85954,42977.0,3808.3149337768555
43127.0,292.0,300.0,349.6672241985798,29.585375566550503,86254,43127.0,3818.4550795555115
43277.0,293.0,300.0,75.89916488924064,29.637658890748625,86554,43277.0,3828.577337026596
43427.0,294.0,300.0,73.76356071361806,29.101941973240642,86854,43427.0,3838.8859281539917
43577.0,295.0,300.0,35.58445034362376,29.719358767815383,87154,43577.0,3848.980359315872
43727.0,296.0,300.0,67.3130751485005,30.011745519702576,87454,43727.0,3858.9764461517334
43877.0,297.0,300.0,123.37006084155291,29.3025506368523,87754,43877.0,3869.214463710785
44027.0,298.0,300.0,82.15836965409108,29.229527450964586,88054,44027.0,3879.4780580997467
44177.0,299.0,300.0,144.13747230765875,29.088679713087398,88354,44177.0,3889.791349172592
44327.0,300.0,300.0,103.50193344964646,29.472482210750965,88654,44327.0,3899.9703361988068
44477.0,301.0,300.0,66.58771017962135,29.286863494168596,88954,44477.0,3910.2138373851776
44627.0,302.0,300.0,40.18690575065557,29.41473616354025,89254,44627.0,3920.4128079414368
44777.0,303.0,300.0,71.95004553347826,29.76650317882597,89554,44777.0,3930.4912509918213
44927.0,304.0,300.0,177.81970826163888,29.47841880244767,89854,44927.0,3940.6681883335114
45077.0,305.0,300.0,96.63489176463918,6.1812130757990325,90154,45077.0,3989.202352285385
45227.0,306.0,300.0,168.39901364919206,29.03152414583493,90454,45227.0,3999.5359473228455
45377.0,307.0,300.0,294.14365183003247,28.99361698166387,90754,45377.0,4009.8830530643463
45527.0,308.0,300.0,126.62592548783869,29.463472110543467,91054,45527.0,4020.0651531219482
45677.0,309.0,300.0,97.81924493564293,29.487757304334718,91354,45677.0,4030.2388672828674
45827.0,310.0,300.0,108.50112939043902,28.984501326148685,91654,45827.0,4040.589227437973
45977.0,311.0,300.0,186.36447963991668,29.398706158168995,91954,45977.0,4050.7937586307526
46127.0,312.0,300.0,233.41611479929543,28.988966606495076,92254,46127.0,4061.1425240039825
46277.0,313.0,300.0,384.3867954313755,28.579830511766065,92554,46277.0,4071.6394379138947
46427.0,314.0,300.0,24.378282242134446,29.388082041598242,92854,46427.0,4081.847658395767
46515.0,315.0,176.0,189.70423632860184,29.32186829312625,93030,46515.0,4087.850004673004
46665.0,316.0,300.0,109.45485041040956,29.08174359110898,93330,46665.0,4098.16575551033
46815.0,317.0,300.0,83.74788455292583,29.301703821112813,93630,46815.0,4108.40406870842
46965.0,318.0,300.0,498.19526619371027,29.076127602089567,93930,46965.0,4118.721811771393
47115.0,319.0,300.0,257.5507997399545,29.011678879071084,94230,47115.0,4129.062475204468
47265.0,320.0,300.0,105.79014616645873,29.169962596442023,94530,47265.0,4139.347028017044
47415.0,321.0,300.0,313.7384049668908,29.52388824936572,94830,47415.0,4149.508291959763
47565.0,322.0,300.0,236.40851512551308,29.259968300045344,95130,47565.0,4159.761208772659
47715.0,323.0,300.0,19.8394176276488,29.331570489655565,95430,47715.0,4169.9890966415405
47865.0,324.0,300.0,249.250862586312,29.275403226538206,95730,47865.0,4180.236607551575
48015.0,325.0,300.0,470.46406526863575,29.457329824087033,96030,48015.0,4190.420830965042
48165.0,326.0,300.0,22.643994872953044,29.115334901695896,96330,48165.0,4200.724680185318
48315.0,327.0,300.0,98.8494544706773,29.240245818700423,96630,48315.0,4210.984513044357
48465.0,328.0,300.0,156.94714943692088,29.25561708637638,96930,48465.0,4221.238954544067
48615.0,329.0,300.0,162.96043921809178,29.460729320052945,97230,48615.0,4231.42200255394
48765.0,330.0,300.0,226.0772414826788,29.19537625348938,97530,48765.0,4241.697602987289
48790.0,331.0,50.0,68.19519270956516,30.896393059673304,97580,48790.0,4243.315915107727
48940.0,332.0,300.0,355.30853521451354,29.40449143836781,97880,48940.0,4253.518438816071
49090.0,333.0,300.0,61.018371095648035,29.17634348923591,98180,49090.0,4263.80074262619
49240.0,334.0,300.0,214.76117623131722,29.466908907599976,98480,49240.0,4273.98165512085
49390.0,335.0,300.0,201.44533578120172,29.31171384224676,98780,49390.0,4284.216471672058
49540.0,336.0,300.0,251.33402255177498,29.557426184374798,99080,49540.0,4294.366206169128
49690.0,337.0,300.0,70.53547457861714,29.004989363302954,99380,49690.0,4304.709254980087
49840.0,338.0,300.0,131.94917373918724,29.29433088223534,99680,49840.0,4314.95014500618
49990.0,339.0,300.0,217.22481057047844,28.968298449921594,99980,49990.0,4325.306294202805
50140.0,340.0,300.0,195.15805862285197,6.688012825426613,100280,50140.0,4370.162668466568
50290.0,341.0,300.0,214.26562992855906,29.068990625086776,100580,50290.0,4380.482944726944
50440.0,342.0,300.0,132.38432830478996,29.244056196392396,100880,50440.0,4390.7414400577545
50590.0,343.0,300.0,49.5335706602782,29.163278301736472,101180,50590.0,4401.028350114822
50740.0,344.0,300.0,94.2517277142033,29.360009385562083,101480,50740.0,4411.246330976486
50890.0,345.0,300.0,104.17851322202478,29.318890589467372,101780,50890.0,4421.478642702103
51040.0,346.0,300.0,75.04002061253414,29.198372713627048,102080,51040.0,4431.753188371658
51190.0,347.0,300.0,90.45154055650346,29.23568717461188,102380,51190.0,4442.014620542526
51340.0,348.0,300.0,176.60239282716066,29.051152434700075,102680,51340.0,4452.341233730316
51490.0,349.0,300.0,55.59220945639572,29.057339864256498,102980,51490.0,4462.66564822197
51640.0,350.0,300.0,223.20900928601623,29.10340396329934,103280,51640.0,4472.973721504211
51790.0,351.0,300.0,95.16961755754892,29.20554625627562,103580,51790.0,4483.245743751526
51940.0,352.0,300.0,182.02495147765148,29.37240605736406,103880,51940.0,4493.459412097931
52090.0,353.0,300.0,102.82579024555162,29.213925158707738,104180,52090.0,4503.728488206863
52240.0,354.0,300.0,181.36505440983274,29.1693154644237,104480,52240.0,4514.013268947601
52274.0,355.0,68.0,70.17112378031015,28.69185462165304,104548,52274.0,4516.383280038834
52424.0,356.0,300.0,298.07296999851155,29.38344425273862,104848,52424.0,4526.593111753464
52437.0,357.0,26.0,49.51420998573303,28.440794627926312,104874,52437.0,4527.507291793823
52455.0,358.0,36.0,21.472888816148043,28.851408741084903,104910,52455.0,4528.755065202713
52605.0,359.0,300.0,95.52054650848731,29.399640332616627,105210,52605.0,4538.959272146225
52755.0,360.0,300.0,167.74381207831902,28.940947128846144,105510,52755.0,4549.32520866394
52905.0,361.0,300.0,72.21551714092493,29.378891612565475,105810,52905.0,4559.53662276268
53055.0,362.0,300.0,369.80531936883926,29.35997239214632,106110,53055.0,4569.754616737366
53205.0,363.0,300.0,39.33926579798572,29.173389426017952,106410,53205.0,4580.037961483002
53355.0,364.0,300.0,72.75367084238678,29.258342906363627,106710,53355.0,4590.291447639465
53505.0,365.0,300.0,149.06379278830718,29.503291739723952,107010,53505.0,4600.459805011749
53655.0,366.0,300.0,161.9548692899989,29.17937867315941,107310,53655.0,4610.7410390377045
53678.0,367.0,46.0,23.52949291653931,30.114718390726555,107356,53678.0,4612.268531799316
53828.0,368.0,300.0,78.09186286004842,29.26551872372513,107656,53828.0,4622.519504308701
53978.0,369.0,300.0,98.68152976268902,29.492806897150786,107956,53978.0,4632.691476821899
54128.0,370.0,300.0,41.370541983716976,29.294162428571262,108256,54128.0,4642.932425737381
54278.0,371.0,300.0,106.56247278122464,29.56225032815784,108556,54278.0,4653.080503940582
54428.0,372.0,300.0,135.2901653264562,29.349478932895586,108856,54428.0,4663.302151441574
54578.0,373.0,300.0,98.69040056886297,29.391756665292565,109156,54578.0,4673.509095191956
54728.0,374.0,300.0,39.620856357913,29.526870073799856,109456,54728.0,4683.66933298111
54845.0,375.0,234.0,290.87218224909157,29.05163084267025,109690,54845.0,4691.723958969116
54995.0,376.0,300.0,250.26402579806745,29.450789605228632,109990,54995.0,4701.910444021225
55145.0,377.0,300.0,221.45025588211138,5.168614801299321,110290,55145.0,4759.953075408936
55295.0,378.0,300.0,30.80001035868918,29.176201420751593,110590,55295.0,4770.235429048538
55445.0,379.0,300.0,240.97772543528117,29.422588821507993,110890,55445.0,4780.431677103043
55595.0,380.0,300.0,139.77507734531537,29.06847488337299,111190,55595.0,4790.7521369457245
55745.0,381.0,300.0,81.9562931577675,29.290862627873153,111490,55745.0,4800.99423956871
55895.0,382.0,300.0,124.47653735731728,29.48724456258485,111790,55895.0,4811.168130874634
56045.0,383.0,300.0,327.90870521590114,29.496454516842913,112090,56045.0,4821.338846445084
56195.0,384.0,300.0,185.06175430380972,29.36364410062342,112390,56195.0,4831.555562496185
56345.0,385.0,300.0,214.8486309251748,29.17767223480318,112690,56345.0,4841.837397813797
56495.0,386.0,300.0,256.3843218870461,29.176469322477438,112990,56495.0,4852.119657039642
56645.0,387.0,300.0,94.37510251766071,29.224498369462253,113290,56645.0,4862.3850173950195
56795.0,388.0,300.0,44.77571615361376,29.260950155251784,113590,56795.0,4872.637590408325
56945.0,389.0,300.0,90.80066074430943,29.284342269724387,113890,56945.0,4882.88197350502
57095.0,390.0,300.0,313.0956060886383,29.28962991107813,114190,57095.0,4893.124507188797
57245.0,391.0,300.0,257.93245003186166,28.872057228888156,114490,57245.0,4903.515177488327
57395.0,392.0,300.0,147.7236228547772,29.337133066150532,114790,57395.0,4913.741126060486
57545.0,393.0,300.0,190.20163541845977,29.423098629147134,115090,57545.0,4923.937197685242
57695.0,394.0,300.0,383.38890708982944,28.97183148337966,115390,57695.0,4934.292083978653
57845.0,395.0,300.0,48.54152291640639,29.213949576226444,115690,57845.0,4944.561151742935
57995.0,396.0,300.0,117.3247916996479,29.51318940125006,115990,57995.0,4954.726098775864
58145.0,397.0,300.0,364.3094772780314,29.201924820171232,116290,58145.0,4964.999394893646
58295.0,398.0,300.0,13.340083187329583,29.35705226163455,116590,58295.0,4975.218405723572
58445.0,399.0,300.0,92.97767075521551,29.360366308306535,116890,58445.0,4985.436262369156
58595.0,400.0,300.0,205.36933255009353,29.17748752922088,117190,58595.0,4995.718162536621
58745.0,401.0,300.0,213.01452365517616,29.54624303496397,117490,58745.0,5005.871738433838
58895.0,402.0,300.0,126.99653984722681,29.14358533226421,117790,58895.0,5016.1655995845795
59045.0,403.0,300.0,28.28611940005794,29.156374797565917,118090,59045.0,5026.454945325851
59195.0,404.0,300.0,170.28250756917987,29.28629091523965,118390,59195.0,5036.698647260666
59345.0,405.0,300.0,93.23627601069165,29.369236672959207,118690,59345.0,5046.913418054581
59495.0,406.0,300.0,46.49028890673071,29.441569564144032,118990,59495.0,5057.103093147278
59645.0,407.0,300.0,255.5124312415719,29.08237205556258,119290,59645.0,5067.418620824814
59795.0,408.0,300.0,27.1010535696405,29.278954343801644,119590,59795.0,5077.664889574051
59945.0,409.0,300.0,74.50989921274595,29.08574001234864,119890,59945.0,5087.979222536087
60095.0,410.0,300.0,244.8217490222305,5.993460942152357,120190,60095.0,5138.033774614334
60245.0,411.0,300.0,207.80102399887983,29.422284734135076,120490,60245.0,5148.230127811432
60395.0,412.0,300.0,150.45787545572966,29.125391903950113,120790,60395.0,5158.530419111252
60545.0,413.0,300.0,189.0747915795073,29.099740514899494,121090,60545.0,5168.83979010582
60549.0,414.0,8.0,16.078748106956482,29.215213238533565,121098,60549.0,5169.113620042801
60699.0,415.0,300.0,55.591450185282156,29.39250501997971,121398,60699.0,5179.3203048706055
60849.0,416.0,300.0,237.23050855990004,29.18060957080132,121698,60849.0,5189.601105213165
60999.0,417.0,300.0,98.25034094136208,29.425824783013134,121998,60999.0,5199.796231985092
61149.0,418.0,300.0,114.1694566886872,29.39297602237722,122298,61149.0,5210.002752780914
61299.0,419.0,300.0,69.43174612255825,29.475150550250774,122598,61299.0,5220.180818080902
61449.0,420.0,300.0,150.62214442435652,29.15533847295443,122898,61449.0,5230.470529079437
61599.0,421.0,300.0,236.61491063144058,29.14266465917551,123198,61599.0,5240.764715433121
61749.0,422.0,300.0,71.868398702587,29.23866745659411,123498,61749.0,5251.025101661682
61899.0,423.0,300.0,485.85989087820053,29.05462318905802,123798,61899.0,5261.350481033325
62049.0,424.0,300.0,37.1354804301518,29.267806606434217,124098,62049.0,5271.600651979446
62199.0,425.0,300.0,95.77870877389796,29.416493826315417,124398,62199.0,5281.799012422562
62349.0,426.0,300.0,95.70749395474559,29.13151927642384,124698,62349.0,5292.097137212753
62367.0,427.0,36.0,66.247414290905,27.82261475738789,124734,62367.0,5293.391049146652
62517.0,428.0,300.0,176.5884655630216,29.192600520700523,125034,62517.0,5303.667626619339
62667.0,429.0,300.0,356.5448549101129,29.08941136865054,125334,62667.0,5313.98065829277
62817.0,430.0,300.0,247.781959279906,29.03623441873104,125634,62817.0,5324.31257724762
62967.0,431.0,300.0,445.3280434012413,28.842087196086673,125934,62967.0,5334.714044332504
63117.0,432.0,300.0,260.97870686650276,29.261546240868466,126234,63117.0,5344.966408252716
63267.0,433.0,300.0,195.8797097057104,29.066247599730925,126534,63267.0,5355.287658452988
63417.0,434.0,300.0,125.24215314723551,29.263287004316616,126834,63417.0,5365.539412736893
63567.0,435.0,300.0,57.778504734364105,29.45341058390654,127134,63567.0,5375.724990367889
63717.0,436.0,300.0,148.00780580742867,29.30643528915427,127434,63717.0,5385.961650848389
63721.0,437.0,8.0,17.611852169036865,23.862439649513817,127442,63721.0,5386.296905994415
63871.0,438.0,300.0,42.99262223462938,29.279956550967796,127742,63871.0,5396.542823076248
64021.0,439.0,300.0,289.91593835502863,28.62853457826959,128042,64021.0,5407.021879434586
64171.0,440.0,300.0,455.5591142773628,29.254998116418783,128342,64171.0,5417.276537656784
64321.0,441.0,300.0,49.55922308418667,29.18453573858452,128642,64321.0,5427.555955171585
64471.0,442.0,300.0,282.63991781001096,28.982152047287926,128942,64471.0,5437.907154083252
64621.0,443.0,300.0,353.6509995609522,29.289350382432023,129242,64621.0,5448.149785518646
64771.0,444.0,300.0,73.97234375914559,29.467766679415902,129542,64771.0,5458.330401659012
64921.0,445.0,300.0,109.07310239516664,29.32043253241599,129842,64921.0,5468.562174797058
65071.0,446.0,300.0,74.97012199484743,5.179006109220228,130142,65071.0,5526.488348007202
65221.0,447.0,300.0,308.84133931063116,29.10803120093711,130442,65221.0,5536.79478263855
65371.0,448.0,300.0,220.95822282182053,29.181696419967786,130742,65371.0,5547.075199842453
65521.0,449.0,300.0,118.3279458640609,29.191619860880067,131042,65521.0,5557.352122545242
65537.0,450.0,32.0,40.590821862220764,29.61540539061576,131074,65537.0,5558.432641744614
65687.0,451.0,300.0,109.93515356818534,29.121697980676277,131374,65687.0,5568.734239578247
65837.0,452.0,300.0,244.13090408593416,29.123459892157964,131674,65837.0,5579.035213947296
65987.0,453.0,300.0,65.9465033725719,29.056134105006965,131974,65987.0,5589.360056877136
66137.0,454.0,300.0,191.731898424041,28.91229941908918,132274,66137.0,5599.736264705658
66287.0,455.0,300.0,58.44052976812236,29.163920434298152,132574,66287.0,5610.0229477882385
66437.0,456.0,300.0,382.64016307890415,29.20585672624776,132874,66437.0,5620.294861078262
66587.0,457.0,300.0,120.18464700848563,29.291846557605474,133174,66587.0,5630.53661942482
66737.0,458.0,300.0,387.4621370748646,28.97476221381811,133474,66737.0,5640.890458345413
66887.0,459.0,300.0,235.2535723070614,29.436686246734496,133774,66887.0,5651.081823825836
67037.0,460.0,300.0,278.28956523904344,29.17673181681902,134074,67037.0,5661.363990783691
67187.0,461.0,300.0,233.32086876034737,29.04399285101456,134374,67187.0,5671.693149805069
67337.0,462.0,300.0,249.13343496154994,29.346007874850937,134674,67337.0,5681.916006326675
67487.0,463.0,300.0,323.6640712982917,29.417846599504138,134974,67487.0,5692.113898038864
67637.0,464.0,300.0,141.42389928735793,29.385166610716215,135274,67637.0,5702.323131084442
67787.0,465.0,300.0,188.88391707459232,29.15714431962812,135574,67787.0,5712.612205505371
67937.0,466.0,300.0,64.4502165071026,29.05148914338743,135874,67937.0,5722.938699007034
68087.0,467.0,300.0,121.88640129193664,29.207339345279358,136174,68087.0,5733.210090637207
68237.0,468.0,300.0,371.665834592859,29.14228938683342,136474,68237.0,5743.504409313202
68387.0,469.0,300.0,187.17082653609395,29.023340575495144,136774,68387.0,5753.840918064117
68537.0,470.0,300.0,97.4127701614052,29.258954533945403,137074,68537.0,5764.094190359116
68687.0,471.0,300.0,262.2630364000797,28.94241295893125,137374,68687.0,5774.459602117538
68837.0,472.0,300.0,149.40087580122054,29.29738043311531,137674,68837.0,5784.699425935745
68987.0,473.0,300.0,184.95502498745918,29.64749953294789,137974,68987.0,5794.818323612213
69137.0,474.0,300.0,225.85263259569183,29.195655346115025,138274,69137.0,5805.093826055527
69287.0,475.0,300.0,194.41833545453846,29.411987314072128,138574,69287.0,5815.293749570847
69437.0,476.0,300.0,190.11496714316308,29.331197173667753,138874,69437.0,5825.521768093109
69587.0,477.0,300.0,215.39983212109655,29.486389111326556,139174,69587.0,5835.6959545612335
69737.0,478.0,300.0,33.28448323477642,29.347476694096866,139474,69737.0,5845.918298959732
69887.0,479.0,300.0,298.15711895376444,29.21006973764308,139774,69887.0,5856.188730478287
70037.0,480.0,300.0,239.34321324713528,5.574860973301594,140074,70037.0,5910.001732349396
70119.0,481.0,164.0,216.1331637026742,29.28132410087953,140238,70119.0,5915.602572917938
70269.0,482.0,300.0,328.30792493838817,29.525648589153136,140538,70269.0,5925.763231754303
70419.0,483.0,300.0,122.79628742125351,29.193067169951888,140838,70419.0,5936.039645195007
70569.0,484.0,300.0,192.49695477634668,29.14353740722983,141138,70569.0,5946.333523035049
70719.0,485.0,300.0,199.91548498166958,29.438748889108187,141438,70719.0,5956.524173974991
70869.0,486.0,300.0,90.30321784951957,29.27682615858388,141738,70869.0,5966.771187067032
70902.0,487.0,66.0,84.33030366897583,29.062423977607082,141804,70902.0,5969.042160987854
71052.0,488.0,300.0,118.94879221438896,29.220988270813457,142104,71052.0,5979.308755159378
71202.0,489.0,300.0,144.63641690742224,29.32243859902966,142404,71202.0,5989.53982925415
71352.0,490.0,300.0,224.99836480390513,29.09837982889811,142704,71352.0,5999.849682569504
71502.0,491.0,300.0,349.8186890296638,29.02361906647597,143004,71502.0,6010.186091899872
71652.0,492.0,300.0,219.0878521043487,29.197629469118507,143304,71652.0,6020.460899353027
71802.0,493.0,300.0,221.7917903997004,29.190525500641428,143604,71802.0,6030.738206624985
71952.0,494.0,300.0,417.72244830057025,29.295822497784464,143904,71952.0,6040.978575229645
72102.0,495.0,300.0,482.46258496376686,29.51762727005876,144204,72102.0,6051.141994476318
72252.0,496.0,300.0,221.5257465696195,29.21979196235764,144504,72252.0,6061.409008979797
72402.0,497.0,300.0,410.38700807094574,29.29988411760068,144804,72402.0,6071.647958278656
72552.0,498.0,300.0,210.09826350212097,29.42050436678813,145104,72552.0,6081.844929218292
72569.0,499.0,34.0,73.39690504968166,29.152822280761505,145138,72569.0,6083.011197566986
72719.0,500.0,300.0,267.6837969124317,29.190803146151694,145438,72719.0,6093.288408041
72869.0,501.0,300.0,196.72812494076788,29.091700047331276,145738,72869.0,6103.600628376007
73019.0,502.0,300.0,186.21444310003426,29.289992624494104,146038,73019.0,6113.8430352211
73169.0,503.0,300.0,190.32496524602175,29.531718902633738,146338,73169.0,6124.001604557037
73319.0,504.0,300.0,235.54713193746284,29.306945175039942,146638,73319.0,6134.238086462021
73469.0,505.0,300.0,136.37394997477531,29.337466860472965,146938,73469.0,6144.463918924332
73619.0,506.0,300.0,405.7377160489559,29.325766022425988,147238,73619.0,6154.693831682205
73769.0,507.0,300.0,260.8314322307706,29.023850030598314,147538,73769.0,6165.030158758163
73919.0,508.0,300.0,161.26317353988998,29.277494419018577,147838,73919.0,6175.2769384384155
73942.0,509.0,46.0,67.74683749675751,28.601985734436372,147884,73942.0,6176.885219097137
73952.0,510.0,20.0,56.12247681617737,28.391341606884907,147904,73952.0,6177.589659452438
74102.0,511.0,300.0,223.18717148527503,29.31655304821126,148204,74102.0,6187.822787761688
74252.0,512.0,300.0,209.0734036283975,29.23266878940894,148504,74252.0,6198.085279464722
74274.0,513.0,44.0,55.89509283192456,29.265303759973904,148548,74274.0,6199.588766813278
74424.0,514.0,300.0,223.5129200220108,29.523526647110724,148848,74424.0,6209.750154972076
74574.0,515.0,300.0,167.10173048789147,29.24466722680408,149148,74574.0,6220.0084364414215
74724.0,516.0,300.0,92.42856786200718,29.222933923193427,149448,74724.0,6230.274346828461
74874.0,517.0,300.0,314.23963019251823,29.374893094181168,149748,74874.0,6240.487150430679
75024.0,518.0,300.0,267.652175322175,5.193918038359964,150048,75024.0,6298.247015237808
75174.0,519.0,300.0,449.39961885800585,29.269031359487045,150348,75174.0,6308.496757268906
75324.0,520.0,300.0,32.11683341127355,29.35690226357928,150648,75324.0,6318.715819597244
75474.0,521.0,300.0,249.45809719339013,29.306178646478745,150948,75474.0,6328.952569246292
75624.0,522.0,300.0,118.96078330412274,29.09936702016605,151248,75624.0,6339.26207280159
75774.0,523.0,300.0,383.29558054357767,29.45383252096163,151548,75774.0,6349.447505474091
75924.0,524.0,300.0,477.7708875723183,29.358955109743366,151848,75924.0,6359.665853261948
76074.0,525.0,300.0,69.16307691055408,29.48228529398423,152148,76074.0,6369.841455698013
76224.0,526.0,300.0,75.47553301975131,29.34151130010527,152448,76224.0,6380.065878629684
76374.0,527.0,300.0,584.8922078609467,29.42127619974434,152748,76374.0,6390.262581825256
76524.0,528.0,300.0,240.86344936973182,29.48233088567903,153048,76524.0,6400.438169002533
76539.0,529.0,30.0,58.89944672584534,28.479905263987007,153078,76539.0,6401.491543531418
76689.0,530.0,300.0,185.66502101765946,29.474424907386695,153378,76689.0,6411.669859886169
76839.0,531.0,300.0,423.21532171964645,29.314407100962153,153678,76839.0,6421.903736591339
76989.0,532.0,300.0,209.41488509625196,29.308406673186315,153978,76989.0,6432.139707803726
77139.0,533.0,300.0,93.53680905117653,29.555555837419302,154278,77139.0,6442.290084600449
77289.0,534.0,300.0,225.0002514673397,29.258489177596783,154578,77289.0,6452.543519735336
77439.0,535.0,300.0,168.7969529136899,29.054257560278714,154878,77439.0,6462.869029521942
77589.0,536.0,300.0,335.6222528144717,29.22666172142734,155178,77589.0,6473.133630514145
77739.0,537.0,300.0,314.07005612330977,29.099982113896875,155478,77739.0,6483.442915916443
77759.0,538.0,40.0,54.281450033187866,28.7954238229505,155518,77759.0,6484.832026004791
77909.0,539.0,300.0,272.70929323136806,29.221259031471167,155818,77909.0,6495.098524808884
78059.0,540.0,300.0,204.03076463215984,29.721354506763667,156118,78059.0,6505.192278146744
78209.0,541.0,300.0,445.1036613881588,29.290421483337095,156418,78209.0,6515.43453502655
78359.0,542.0,300.0,265.4351077899337,29.05212032552086,156718,78359.0,6525.760804414749
78509.0,543.0,300.0,111.24632331676548,29.30831314932267,157018,78509.0,6535.9968085289
78659.0,544.0,300.0,362.468138544471,29.28792759614284,157318,78659.0,6546.239938020706
78809.0,545.0,300.0,290.0574198253453,29.335552434303686,157618,78809.0,6556.466438055038
78959.0,546.0,300.0,230.89223292266252,29.371783506943114,157918,78959.0,6566.680322885513
79109.0,547.0,300.0,257.04018518538214,29.3538272988164,158218,79109.0,6576.900456190109
79259.0,548.0,300.0,62.39822135842405,29.488755197889375,158518,79259.0,6587.073826551437
79409.0,549.0,300.0,265.08834394812584,29.565191279760683,158818,79409.0,6597.220894575119
79559.0,550.0,300.0,268.4208805584349,29.489054440906187,159118,79559.0,6607.394161462784
79709.0,551.0,300.0,238.6847671866417,29.20774680376275,159418,79709.0,6617.665410041809
79859.0,552.0,300.0,370.0929348357022,29.753804052698392,159718,79859.0,6627.748155593872
80009.0,553.0,300.0,78.11101804859936,6.051705754668472,160018,80009.0,6677.320956468582
80159.0,554.0,300.0,146.14637309324462,29.30496784512448,160318,80159.0,6687.558129310608
80309.0,555.0,300.0,222.1177729108167,29.27905926234265,160618,80309.0,6697.804360628128
80459.0,556.0,300.0,52.22071276046336,29.081234117936635,160918,80459.0,6708.120292425156
80609.0,557.0,300.0,263.76076036319137,28.918722262952382,161218,80609.0,6718.494195699692
80759.0,558.0,300.0,272.7300746664405,29.322841075288665,161518,80759.0,6728.725128650665
80909.0,559.0,300.0,492.4425318837166,28.992458590124873,161818,80909.0,6739.072648048401
81059.0,560.0,300.0,133.10361588205706,29.178510543375936,162118,81059.0,6749.3541877269745
81209.0,561.0,300.0,240.48732506670058,29.475386685319783,162418,81209.0,6759.532171964645
81359.0,562.0,300.0,249.30169338197447,29.513048186773705,162718,81359.0,6769.69716835022
81509.0,563.0,300.0,370.9456139304675,28.679344881049857,163018,81509.0,6780.1576590538025
81659.0,564.0,300.0,111.69142912700772,29.293901226923207,163318,81659.0,6790.398698806763
81809.0,565.0,300.0,27.629932788200676,29.322883441853385,163618,81809.0,6800.629616975784
81959.0,566.0,300.0,154.22286749639898,29.23654784102047,163918,81959.0,6810.8907470703125
82109.0,567.0,300.0,367.89231234788895,29.236516592576915,164218,82109.0,6821.151887893677
82259.0,568.0,300.0,47.981713495450094,29.274816111549484,164518,82259.0,6831.3996040821075
82409.0,569.0,300.0,286.37688752263784,29.35398753719372,164818,82409.0,6841.619681358337
82559.0,570.0,300.0,469.6617940063952,29.449581299527857,165118,82559.0,6851.806583881378
82571.0,571.0,24.0,60.195804595947266,27.154878087599535,165142,82571.0,6852.690403461456
82721.0,572.0,300.0,398.23613023851067,29.32843110256303,165442,82721.0,6862.919387102127
82871.0,573.0,300.0,258.80270573310554,29.057043950800953,165742,82871.0,6873.243906497955
83021.0,574.0,300.0,538.3118200302124,29.298662921031227,166042,83021.0,6883.483282327652
83171.0,575.0,300.0,381.9316059947014,29.527490208199946,166342,83171.0,6893.643306732178
83321.0,576.0,300.0,232.3091560388566,29.112028115433343,166642,83321.0,6903.948326587677
83471.0,577.0,300.0,291.8754581520625,29.27079616447767,166942,83471.0,6914.197450399399
83621.0,578.0,300.0,172.7916395245702,29.405372380176942,167242,83621.0,6924.3996686935425
83771.0,579.0,300.0,516.7577013969421,29.29045352893773,167542,83771.0,6934.641914844513
83921.0,580.0,300.0,289.6326486617327,29.298490324363776,167842,83921.0,6944.881350517273
84071.0,581.0,300.0,104.29594555869699,29.48249598405671,168142,84071.0,6955.056880474091
84086.0,582.0,30.0,52.44490164518356,31.173692915547267,168172,84086.0,6956.019231081009
84236.0,583.0,300.0,177.5513504333794,29.392950618072692,168472,84236.0,6966.225761175156
84253.0,584.0,34.0,58.78841099143028,27.552845303830043,168506,84253.0,6967.459753751755
84269.0,585.0,32.0,51.08059561252594,29.259617556242112,168538,84269.0,6968.553411960602
84419.0,586.0,300.0,143.08079029712826,29.477173010874278,168838,84419.0,6978.730779886246
84569.0,587.0,300.0,190.61666888184845,29.325131778737013,169138,84569.0,6988.960913658142
84719.0,588.0,300.0,150.46040393860312,28.962046219357397,169438,84719.0,6999.3192982673645
84869.0,589.0,300.0,92.44682737690164,29.349656922899616,169738,84869.0,7009.540883541107
85019.0,590.0,300.0,198.6357829006156,6.457308183159156,170038,85019.0,7055.999871730804
85169.0,591.0,300.0,281.89532288350165,28.997583871137458,170338,85169.0,7066.345561742783
85319.0,592.0,300.0,105.79283406412287,29.019618949420178,170638,85319.0,7076.683396577835
85469.0,593.0,300.0,166.98624476557598,28.794760914167167,170938,85469.0,7087.101958990097
85619.0,594.0,300.0,228.1822701394558,29.595331172731257,171238,85619.0,7097.238693475723
85769.0,595.0,300.0,255.56102316081524,29.364586327260113,171538,85769.0,7107.455081939697
85919.0,596.0,300.0,257.91952858120203,29.47529002138385,171838,85919.0,7117.633099317551
86069.0,597.0,300.0,268.2843596339226,29.646951184515075,172138,86069.0,7127.752184391022
86219.0,598.0,300.0,168.8948256452568,29.35572014076846,172438,86219.0,7137.9716584682465
86369.0,599.0,300.0,126.82501150929238,29.408046451155727,172738,86369.0,7148.172948360443
86519.0,600.0,300.0,61.08931178462353,29.219502230234802,173038,86519.0,7158.440064430237
86669.0,601.0,300.0,416.23948097229004,29.266179661130483,173338,86669.0,7168.6908049583435
86819.0,602.0,300.0,178.8387551656342,29.395198725711676,173638,86819.0,7178.896554231644
86969.0,603.0,300.0,60.27309329621494,29.22303844062937,173938,86969.0,7189.162427663803
87119.0,604.0,300.0,187.54922876728233,29.27952391063435,174238,87119.0,7199.408496856689
87269.0,605.0,300.0,148.53887097776533,29.13626745293845,174538,87269.0,7209.704943180084
87419.0,606.0,300.0,274.1073468923569,29.34436127468711,174838,87419.0,7219.928372859955
87569.0,607.0,300.0,446.1681347331032,29.467538257424717,175138,87569.0,7230.10906791687
87583.0,608.0,28.0,45.03987184166908,27.50462475695845,175166,87583.0,7231.12707901001
87733.0,609.0,300.0,548.6172960447147,29.044893891333434,175466,87733.0,7241.455918073654
87883.0,610.0,300.0,707.076687335968,29.58793219657943,175766,87883.0,7251.595187902451
88033.0,611.0,300.0,140.41195466089994,29.34388430159306,176066,88033.0,7261.8187844753265
88183.0,612.0,300.0,110.12590000132332,29.51192128829643,176366,88183.0,7271.9841685295105
88333.0,613.0,300.0,138.15410327818245,29.631325147654895,176666,88333.0,7282.108589887619
88483.0,614.0,300.0,201.1553485095501,29.004852301616705,176966,88483.0,7292.451687574387
88633.0,615.0,300.0,285.80319764092565,29.3808487456417,177266,88633.0,7302.6624212265015
88783.0,616.0,300.0,278.74135595560074,29.474696932970375,177566,88783.0,7312.840643644333
88933.0,617.0,300.0,136.17952426243573,29.189876101645414,177866,88933.0,7323.118180036545
89083.0,618.0,300.0,436.9578102035448,29.202313151290927,178166,89083.0,7333.3913397789
89233.0,619.0,300.0,45.44446545840765,29.513171403251462,178466,89233.0,7343.55629324913
89383.0,620.0,300.0,494.7779269814491,29.21831825586667,178766,89383.0,7353.823825120926
89533.0,621.0,300.0,80.54974991179188,29.364057302387824,179066,89533.0,7364.040397644043
89683.0,622.0,300.0,121.52662666811375,29.529750628042557,179366,89683.0,7374.199644088745
89833.0,623.0,300.0,54.95087107463041,29.62255869082583,179666,89833.0,7384.3270611763
89983.0,624.0,300.0,584.1947840452194,29.305358921657724,179966,89983.0,7394.56409740448
90133.0,625.0,300.0,217.77457951568067,6.008710164540914,180266,90133.0,7444.491618394852
90283.0,626.0,300.0,69.12521671854483,29.338896516350655,180566,90283.0,7454.716953039169
90433.0,627.0,300.0,247.36544641468208,29.471941697847267,180866,90433.0,7464.89612698555
90583.0,628.0,300.0,454.8852403834462,29.200305868555283,181166,90583.0,7475.169992446899
90733.0,629.0,300.0,428.5661188364029,29.28928493259309,181466,90733.0,7485.412647008896
90883.0,630.0,300.0,297.30299493294297,29.339461576660018,181766,90883.0,7495.637784004211
91033.0,631.0,300.0,233.52121671382338,29.47560211008651,182066,91033.0,7505.815694093704
91183.0,632.0,300.0,98.14730006201717,29.49808365436528,182366,91183.0,7515.985846996307
91333.0,633.0,300.0,278.88573352992535,29.418571522558146,182666,91333.0,7526.183487653732
91483.0,634.0,300.0,222.95567318238318,29.520999834903655,182966,91483.0,7536.345745563507
91528.0,635.0,90.0,152.41787838935852,29.358682248003078,183056,91528.0,7539.41127872467
91678.0,636.0,300.0,121.71375844138674,29.223569183562134,183356,91678.0,7549.676966190338
91828.0,637.0,300.0,167.3440730557777,29.12664387119901,183656,91828.0,7559.976814508438
91978.0,638.0,300.0,152.91918987873942,29.457841526005055,183956,91978.0,7570.160860776901
92128.0,639.0,300.0,307.6849747300148,29.13880777929863,184256,92128.0,7580.456409692764
92132.0,640.0,8.0,16.554163932800293,24.353983945187185,184264,92132.0,7580.784898519516
92282.0,641.0,300.0,259.06316964142025,29.174341804230615,184564,92282.0,7591.067907810211
92432.0,642.0,300.0,285.7794643342495,29.16409956053059,184864,92432.0,7601.354528188705
92582.0,643.0,300.0,259.67262863367796,29.11813369391969,185164,92582.0,7611.657387018204
92732.0,644.0,300.0,245.40957569466627,29.44127610609294,185464,92732.0,7621.847163200378
92882.0,645.0,300.0,309.9050491452217,29.438523671693428,185764,92882.0,7632.037892580032
93032.0,646.0,300.0,321.4066580310464,29.00012413236982,186064,93032.0,7642.382676362991
93182.0,647.0,300.0,204.37046944350004,29.348765625388133,186364,93182.0,7652.604572534561
93332.0,648.0,300.0,333.15711745992303,29.395040097189565,186664,93332.0,7662.8103766441345
93482.0,649.0,300.0,526.1422482728958,29.206888510122823,186964,93482.0,7673.081926822662
93494.0,650.0,24.0,61.01724720001221,29.332899735820224,186988,93494.0,7673.900121450424
93644.0,651.0,300.0,395.41092616319656,29.37128850220507,187288,93644.0,7684.114178657532
93794.0,652.0,300.0,84.96457193791866,29.767072859270478,187588,93794.0,7694.1924295425415
93944.0,653.0,300.0,474.6122136116028,29.86605964775415,187888,93944.0,7704.237277269363
94094.0,654.0,300.0,256.14780035079457,29.51818884904204,188188,94094.0,7714.400502681732
94244.0,655.0,300.0,457.38021473493427,29.270984776980892,188488,94244.0,7724.649560451508
94394.0,656.0,300.0,104.82153866512817,29.563570697205176,188788,94394.0,7734.797185182571
94544.0,657.0,300.0,195.65875006373972,29.43205100493392,189088,94544.0,7744.99015545845
94694.0,658.0,300.0,75.38288298863336,29.690663267581453,189388,94694.0,7755.094342708588
94844.0,659.0,300.0,627.3793838620186,29.323151994054697,189688,94844.0,7765.325167179108
94994.0,660.0,300.0,360.77730845380574,29.145016405912337,189988,94994.0,7775.618522882462
95144.0,661.0,300.0,471.2622394959908,5.80168527156531,190288,95144.0,7827.327636957169
95294.0,662.0,300.0,451.6719759106636,29.368930259984655,190588,95294.0,7837.542514324188
95444.0,663.0,300.0,138.23432900762418,29.084415592970846,190888,95444.0,7847.857317447662
95594.0,664.0,300.0,49.02374664880335,29.357285823301826,191188,95594.0,7858.076246261597
95627.0,665.0,66.0,76.22516894340515,29.037767424764837,191254,95627.0,7860.349148750305
95651.0,666.0,48.0,67.88922846317291,28.504922714856324,191302,95651.0,7862.0330691337585
95801.0,667.0,300.0,278.37191182002425,29.341384039243437,191602,95801.0,7872.257536411285
95951.0,668.0,300.0,423.4661794304848,29.37301423507507,191902,95951.0,7882.470993757248
96101.0,669.0,300.0,518.5870946645737,29.60993328788076,192202,96101.0,7892.602729320526
96251.0,670.0,300.0,104.35786256939173,29.42279109125062,192502,96251.0,7902.798907518387
96401.0,671.0,300.0,209.39047540351748,29.219278997928,192802,96401.0,7913.066102266312
96551.0,672.0,300.0,46.975614556038636,29.658102361261548,193102,96551.0,7923.181382656097
96701.0,673.0,300.0,302.08836401367444,29.159264600196643,193402,96701.0,7933.469708681107
96851.0,674.0,300.0,413.81606191396713,29.067865821349443,193702,96851.0,7943.790384531021
97001.0,675.0,300.0,294.15227430826053,29.505775392015916,194002,97001.0,7953.957886457443
97151.0,676.0,300.0,188.9482409125194,29.04585734226954,194302,97151.0,7964.286382436752
97301.0,677.0,300.0,376.284486502409,29.34581350345053,194602,97301.0,7974.5093059539795
97451.0,678.0,300.0,714.1983672380447,29.418997276753945,194902,97451.0,7984.7067992687225
97466.0,679.0,30.0,50.61299204826355,31.006927631350358,194932,97466.0,7985.674325466156
97616.0,680.0,300.0,281.54591697081923,29.251178767052448,195232,97616.0,7995.930323123932
97766.0,681.0,300.0,291.0114108324051,29.540615449209014,195532,97766.0,8006.085833072662
97916.0,682.0,300.0,159.15860245004296,29.43942111815367,195832,97916.0,8016.276252031326
98066.0,683.0,300.0,348.03805293142796,29.091038896283397,196132,98066.0,8026.588706731796
98216.0,684.0,300.0,147.45394410938025,29.62948450788386,196432,98216.0,8036.713756799698
98366.0,685.0,300.0,174.47706730291247,29.30910573177194,196732,98366.0,8046.9494841098785
98516.0,686.0,300.0,255.69277054071426,29.495290167191154,197032,98516.0,8057.12060046196
98666.0,687.0,300.0,45.86978431465104,29.1873038446023,197332,98666.0,8067.399043083191
98682.0,688.0,32.0,33.226905792951584,28.3884988042237,197364,98682.0,8068.526259899139
98832.0,689.0,300.0,75.0373305552639,29.192507734456242,197664,98832.0,8078.8028700351715
98982.0,690.0,300.0,570.0754960179329,29.135859962394264,197964,98982.0,8089.099460601807
99132.0,691.0,300.0,297.79386618733406,29.18380673565486,198264,99132.0,8099.379134654999
99282.0,692.0,300.0,501.5473353564739,29.258299365441808,198564,99282.0,8109.6326360702515
99432.0,693.0,300.0,376.62684808671474,29.474109391615976,198864,99432.0,8119.811061382294
99582.0,694.0,300.0,563.4904211163521,29.55005863789035,199164,99582.0,8129.963326215744
99732.0,695.0,300.0,62.775156658142805,29.33880211372357,199464,99732.0,8140.188693523407
99882.0,696.0,300.0,53.67982274736278,29.317682152955772,199764,99882.0,8150.421426534653
100032.0,697.0,300.0,92.24057298526168,7.284328894768829,200064,100032.0,8191.60572886467
100182.0,698.0,300.0,265.2893864437938,28.955136368301417,200364,100182.0,8201.96658539772
100332.0,699.0,300.0,381.21504064649343,29.304546067473822,200664,100332.0,8212.203905582428
100482.0,700.0,300.0,143.39930609613657,29.283050131545416,200964,100482.0,8222.448740720749
100632.0,701.0,300.0,224.13506046310067,29.45206625724349,201264,100632.0,8232.63478422165
100782.0,702.0,300.0,174.94188453629613,29.049399261009327,201564,100782.0,8242.962021112442
100932.0,703.0,300.0,142.7691360390745,29.28411600100595,201864,100932.0,8253.206483602524
101082.0,704.0,300.0,355.3852142691612,29.277087055816622,202164,101082.0,8263.453405618668
101232.0,705.0,300.0,172.34881109930575,29.19672299239569,202464,101232.0,8273.728532075882
101276.0,706.0,88.0,183.8897953480482,29.380906310492353,202552,101276.0,8276.723675012589
101426.0,707.0,300.0,158.95711725205183,29.008429032847648,202852,101426.0,8287.065497398376
101576.0,708.0,300.0,87.27369348239154,29.383173908904144,203152,101576.0,8297.275423049927
101726.0,709.0,300.0,415.19928511977196,29.42176257161331,203452,101726.0,8307.471957445145
101876.0,710.0,300.0,90.8880970127575,29.1238367019708,203752,101876.0,8317.772798538208
102026.0,711.0,300.0,116.11627386661712,29.398789956688173,204052,102026.0,8327.97730064392
102176.0,712.0,300.0,500.0008844435215,29.213562292059702,204352,102176.0,8338.246504545212
102326.0,713.0,300.0,196.64000507444143,29.505379640024817,204652,102326.0,8348.414142847061
102369.0,714.0,86.0,129.9761517047882,28.203337924033118,204738,102369.0,8351.46342754364
102450.0,715.0,162.0,233.31972140073776,29.754842888731027,204900,102450.0,8356.907920360565
102600.0,716.0,300.0,289.6096568759531,29.4073028030593,205200,102600.0,8367.10946893692
102750.0,717.0,300.0,227.88287228369154,29.669938431205004,205500,102750.0,8377.220714092255
102900.0,718.0,300.0,219.6366888669072,29.01931309562453,205800,102900.0,8387.55865764618
103050.0,719.0,300.0,224.93771809339523,29.47407280050858,206100,103050.0,8397.737095594406
103200.0,720.0,300.0,456.2492976486683,29.772246753008915,206400,103200.0,8407.813595056534
103350.0,721.0,300.0,136.26648426568136,29.118550122566973,206700,103350.0,8418.11630654335
103500.0,722.0,300.0,126.1182733620517,29.29184110251136,207000,103500.0,8428.358066558838
103544.0,723.0,88.0,94.40503169246949,28.586892830466685,207088,103544.0,8431.43640089035
103694.0,724.0,300.0,104.28726609945443,29.317673955874717,207388,103694.0,8441.669137239456
103844.0,725.0,300.0,265.5246725678444,29.193255459360234,207688,103844.0,8451.945484161377
103994.0,726.0,300.0,341.28454191982746,29.402532528429383,207988,103994.0,8462.14868760109
104058.0,727.0,128.0,249.36819350719452,29.316973186430722,208116,104058.0,8466.51475930214
104208.0,728.0,300.0,206.15665073518176,29.372816763113498,208416,104208.0,8476.728285074234
104358.0,729.0,300.0,316.33456937223673,29.22668955452458,208716,104358.0,8486.99287700653
104508.0,730.0,300.0,203.9409044508875,29.807599989112557,209016,104508.0,8497.057425022125
104658.0,731.0,300.0,182.01928579807281,29.576482632338998,209316,104658.0,8507.200619459152
104808.0,732.0,300.0,173.0398211069405,29.729404765333463,209616,104808.0,8517.29163980484
104958.0,733.0,300.0,350.54694852232933,29.402062593767486,209916,104958.0,8527.49500632286
105108.0,734.0,300.0,146.57881877930777,5.927032775081259,210216,105108.0,8578.1105530262
105258.0,735.0,300.0,114.8099856050685,29.346163236941525,210516,105258.0,8588.333354949951
105408.0,736.0,300.0,325.5911002457142,29.423371084197893,210816,105408.0,8598.529331922531
105558.0,737.0,300.0,277.8146655057301,29.300683749498475,211116,105558.0,8608.768002033234
105708.0,738.0,300.0,102.64996769539721,29.23057041453922,211416,105708.0,8619.031230688095
105858.0,739.0,300.0,369.56295332312584,29.296797893242122,211716,105858.0,8629.271258592606
106008.0,740.0,300.0,60.44624346026103,29.280860708344882,212016,106008.0,8639.516859769821
106158.0,741.0,300.0,260.3719138697925,29.22087833934704,212316,106158.0,8649.783492565155
106186.0,742.0,56.0,66.26542532444,28.846834636192256,212372,106186.0,8651.724780797958
106336.0,743.0,300.0,55.16947530163634,29.278664799780977,212672,106336.0,8661.971150636673
106486.0,744.0,300.0,475.3923456966877,29.196136319228977,212972,106486.0,8672.246483325958
106636.0,745.0,300.0,402.0998569726944,29.346728577198938,213272,106636.0,8682.4690887928
106786.0,746.0,300.0,388.5913876881823,29.338707027633603,213572,106786.0,8692.69448852539
106936.0,747.0,300.0,208.71698388295772,29.42243746501633,213872,106936.0,8702.890789747238
107086.0,748.0,300.0,264.03634633123875,29.59585116092261,214172,107086.0,8713.027346134186
107236.0,749.0,300.0,490.48267097212374,29.55739355194244,214472,107236.0,8723.17709183693
107386.0,750.0,300.0,66.87533412457378,29.637025045569334,214772,107386.0,8733.299566030502
107536.0,751.0,300.0,427.9947322309017,29.147287511243896,215072,107536.0,8743.592119693756
107686.0,752.0,300.0,167.7631451189518,29.192672989199355,215372,107686.0,8753.868671655655
107836.0,753.0,300.0,167.69615331909154,29.352583798912004,215672,107836.0,8764.08923792839
107858.0,754.0,44.0,75.19662749767303,29.271946261886068,215716,107858.0,8765.59238409996
108008.0,755.0,300.0,116.66831583248859,29.027513144367198,216016,108008.0,8775.92740702629
108158.0,756.0,300.0,52.858501448019524,29.187045899113667,216316,108158.0,8786.20594072342
108308.0,757.0,300.0,111.50375343672931,29.307674881956768,216616,108308.0,8796.442167758942
108319.0,758.0,22.0,42.65928852558136,27.80549856158227,216638,108319.0,8797.233378648758
108469.0,759.0,300.0,363.3473684489727,29.08063460244856,216938,108469.0,8807.549522638321
108488.0,760.0,38.0,72.52506881952286,29.425675240317556,216976,108488.0,8808.840912342072
108638.0,761.0,300.0,325.5525344759226,29.359347628540032,217276,108638.0,8819.059124231339
108788.0,762.0,300.0,209.27847804874182,29.420917106646858,217576,108788.0,8829.255951404572
108938.0,763.0,300.0,290.3477869927883,29.342918769380674,217876,108938.0,8839.479883909225
109088.0,764.0,300.0,123.00484195084937,29.434120571543833,218176,109088.0,8849.672137737274
109238.0,765.0,300.0,478.544958204031,29.13828415919206,218476,109238.0,8859.967871665955
109388.0,766.0,300.0,88.78841619735658,29.45942915641376,218776,109388.0,8870.15136885643
109538.0,767.0,300.0,348.73929941654205,29.41797246119053,219076,109538.0,8880.349216938019
109688.0,768.0,300.0,412.8413683772087,29.393003486539627,219376,109688.0,8890.555728197098
109838.0,769.0,300.0,288.43042653240263,29.419916232497943,219676,109838.0,8900.752902507782
109988.0,770.0,300.0,228.35480237203774,29.445691683503146,219976,109988.0,8910.941150903702
110138.0,771.0,300.0,435.93840392678976,5.930562333839227,220276,110138.0,8961.52657365799
110288.0,772.0,300.0,354.4415117241442,29.27553945147916,220576,110288.0,8971.774036884308
110438.0,773.0,300.0,447.7068853676319,29.243928420179554,220876,110438.0,8982.032577514648
110588.0,774.0,300.0,240.61555201496162,29.29953753303294,221176,110588.0,8992.271647930145
110738.0,775.0,300.0,363.6558612436056,29.155372925848212,221476,110738.0,9002.56134724617
110888.0,776.0,300.0,256.9341664118692,29.2150545116609,221776,110888.0,9012.830026388168
111038.0,777.0,300.0,373.1602598428726,29.369532809694764,222076,111038.0,9023.044694185257
111188.0,778.0,300.0,430.11584037542343,28.973799470523886,222376,111188.0,9033.398876905441
111338.0,779.0,300.0,64.36192774726078,29.316102933301288,222676,111338.0,9043.63216137886
111488.0,780.0,300.0,53.138867180547095,29.72688543079479,222976,111488.0,9053.724036455154
111638.0,781.0,300.0,377.31004589796066,29.51380757660368,223276,111638.0,9063.888771295547
111788.0,782.0,300.0,268.3741399869323,29.260420094949716,223576,111788.0,9074.141529798508
111938.0,783.0,300.0,523.9402901828289,29.29399193088404,223876,111938.0,9084.382538318634
112088.0,784.0,300.0,364.5560123324394,29.465526778597578,224176,112088.0,9094.56392788887
112238.0,785.0,300.0,137.32661807909608,29.534650316143615,224476,112238.0,9104.721489429474
112388.0,786.0,300.0,289.3812535777688,29.256447635568183,224776,112388.0,9114.975640058517
112538.0,787.0,300.0,318.2434268556535,29.246228562861933,225076,112538.0,9125.23337340355
112688.0,788.0,300.0,190.7490777683488,29.237087226856243,225376,112688.0,9135.494314193726
112838.0,789.0,300.0,259.0409833416343,29.303834259912783,225676,112838.0,9145.73188328743
112988.0,790.0,300.0,347.2929059593007,29.13088261635355,225976,112988.0,9156.03023314476
113138.0,791.0,300.0,131.00417013675906,29.331241615548954,226276,113138.0,9166.258235692978
113288.0,792.0,300.0,85.49282421474345,29.291296967082992,226576,113288.0,9176.50018620491
113438.0,793.0,300.0,670.1656957864761,29.45760222383861,226876,113438.0,9186.684315443039
113588.0,794.0,300.0,104.806940913375,29.200480698551488,227176,113588.0,9196.958119630814
113738.0,795.0,300.0,302.94641767442226,29.2834092745439,227476,113738.0,9207.202828884125
113888.0,796.0,300.0,202.76314148890742,29.326511020417296,227776,113888.0,9217.432481527328
114038.0,797.0,300.0,54.26788533612489,29.217064501085705,228076,114038.0,9227.700454473495
114188.0,798.0,300.0,277.1220726153555,29.246342084000183,228376,114188.0,9237.958148241043
114338.0,799.0,300.0,300.41095538437366,29.09573755447309,228676,114338.0,9248.2689371109
114488.0,800.0,300.0,300.232902421616,29.30768921706836,228976,114488.0,9258.505159378052
114638.0,801.0,300.0,284.2663327282062,29.3024312199037,229276,114638.0,9268.743218421936
114788.0,802.0,300.0,219.67435470269993,29.26667385216642,229576,114788.0,9278.993786334991
114938.0,803.0,300.0,272.7818008172326,28.950384427579852,229876,114938.0,9289.356343269348
115088.0,804.0,300.0,291.07829543948174,5.772487602277034,230176,115088.0,9341.327005624771
115238.0,805.0,300.0,212.63767608255148,28.986201269214263,230476,115238.0,9351.676758766174
115253.0,806.0,30.0,49.3682599067688,27.21004973226577,230506,115253.0,9352.779293298721
115279.0,807.0,52.0,90.29600796103477,29.277459152885402,230558,115279.0,9354.555404186249
115429.0,808.0,300.0,260.75029577314854,29.15057732585843,230858,115429.0,9364.846796989441
115441.0,809.0,24.0,48.15420043468475,27.080037371702907,230882,115441.0,9365.733059167862
115591.0,810.0,300.0,383.9215518166311,29.541262515946652,231182,115591.0,9375.888347148895
115741.0,811.0,300.0,240.65711838030256,29.01519573991319,231482,115741.0,9386.227756977081
115891.0,812.0,300.0,203.58525659283623,29.42157682656882,231782,115891.0,9396.424355983734
116041.0,813.0,300.0,422.31409098103177,29.352669388866058,232082,116041.0,9406.64489197731
116191.0,814.0,300.0,571.0866522192955,29.158196313222348,232382,116191.0,9416.933594942093
116341.0,815.0,300.0,282.2221622057259,29.268368250890497,232682,116341.0,9427.183569431305
116491.0,816.0,300.0,216.89163254015148,29.255933383334366,232982,116491.0,9437.437900304794
116641.0,817.0,300.0,456.1027871221304,29.317546901704496,233282,116641.0,9447.670680761337
116660.0,818.0,38.0,76.48898029327393,30.76063459909488,233320,116660.0,9448.906026363373
116810.0,819.0,300.0,401.96249863505363,29.132823032664042,233620,116810.0,9459.203690290451
116960.0,820.0,300.0,219.88531859046998,29.343348495218816,233920,116960.0,9469.427473306656
117110.0,821.0,300.0,266.01255299453624,29.20205290730482,234220,117110.0,9479.700724124908
117132.0,822.0,44.0,74.32065033912659,28.383705314161233,234264,117132.0,9481.250909805298
117282.0,823.0,300.0,327.1052728444338,29.226176347888835,234564,117282.0,9491.515681743622
117320.0,824.0,76.0,71.57188227772713,30.125238094743068,234640,117320.0,9494.038484096527
117470.0,825.0,300.0,187.89654670469645,29.48680853881894,234940,117470.0,9504.212526082993
117620.0,826.0,300.0,113.40604076923046,29.11098618545297,235240,117620.0,9514.517914533615
117641.0,827.0,42.0,nan,27.108817513795568,235282,117641.0,9516.06722688675
117791.0,828.0,300.0,342.96097868680954,29.287419735138673,235582,117791.0,9526.310533285141
117941.0,829.0,300.0,187.93714693188667,29.158596996126743,235882,117941.0,9536.599095106125
118091.0,830.0,300.0,466.43402637541294,29.384761735508906,236182,118091.0,9546.808469295502
118241.0,831.0,300.0,254.197818123881,29.293831664867653,236482,118241.0,9557.049533605576
118391.0,832.0,300.0,391.6537232995033,29.434881413535443,236782,118391.0,9567.241523981094
118541.0,833.0,300.0,313.60498585655296,29.357854332041498,237082,118541.0,9577.460254907608
118691.0,834.0,300.0,232.00701043197478,29.32938337611138,237382,118691.0,9587.688905954361
118841.0,835.0,300.0,84.4162841028301,29.412417002781986,237682,118841.0,9597.888680458069
118874.0,836.0,66.0,120.9597510099411,29.973133067842966,237748,118874.0,9600.09065246582
119022.0,837.0,296.0,nan,28.92596759824863,238044,119022.0,9610.323673009872
119023.0,838.0,2.0,nan,19.82485063903804,238046,119023.0,9610.424556970596
119024.0,839.0,2.0,nan,44.439424681482265,238048,119024.0,9610.469562530518
119025.0,840.0,2.0,nan,19.251716073834206,238050,119025.0,9610.573449850082
119026.0,841.0,2.0,nan,44.18777918246945,238052,119026.0,9610.618711709976
119027.0,842.0,2.0,nan,17.827164691681258,238054,119027.0,9610.730900526047
119028.0,843.0,2.0,nan,44.47240821736249,238056,119028.0,9610.775872707367
119029.0,844.0,2.0,nan,18.624175482610482,238058,119029.0,9610.88326048851
119030.0,845.0,2.0,nan,43.517729024760975,238060,119030.0,9610.92921924591
119031.0,846.0,2.0,nan,12.796270618151754,238062,119031.0,9611.085515499115
119032.0,847.0,2.0,nan,42.05638194935351,238064,119032.0,9611.13307094574
119033.0,848.0,2.0,nan,21.401475645722567,238066,119033.0,9611.226523399353
119034.0,849.0,2.0,nan,43.96245538825971,238068,119034.0,9611.272017240524
119035.0,850.0,2.0,nan,19.209262278564495,238070,119035.0,9611.3761343956
119036.0,851.0,2.0,nan,43.85558192787461,238072,119036.0,9611.421739339828
119037.0,852.0,2.0,nan,18.630959176103996,238074,119037.0,9611.529088258743
119038.0,853.0,2.0,nan,43.610713691565465,238076,119038.0,9611.574949026108
119039.0,854.0,2.0,nan,18.944376945000247,238078,119039.0,9611.680522203445
119040.0,855.0,2.0,nan,43.11268720384018,238080,119040.0,9611.726912736893
119041.0,856.0,2.0,nan,13.093656249317112,238082,119041.0,9611.879658937454
119042.0,857.0,2.0,nan,43.12731610010899,238084,119042.0,9611.926033735275
119043.0,858.0,2.0,nan,21.294612508281908,238086,119043.0,9612.019954442978
119044.0,859.0,2.0,nan,44.203612756360265,238088,119044.0,9612.065200328827
119045.0,860.0,2.0,nan,20.396888654384355,238090,119045.0,9612.163254737854
119046.0,861.0,2.0,nan,44.663731185142986,238092,119046.0,9612.2080347538
119047.0,862.0,2.0,nan,19.162485551509725,238094,119047.0,9612.312405824661
119048.0,863.0,2.0,nan,43.98596829758116,238096,119048.0,9612.357875347137
119049.0,864.0,2.0,nan,19.183344538814413,238098,119049.0,9612.462133169174
119050.0,865.0,2.0,nan,43.89390458947941,238100,119050.0,9612.507698059082
119051.0,866.0,2.0,nan,13.00763065224167,238102,119051.0,9612.661454439163
119052.0,867.0,2.0,nan,42.16694648583981,238104,119052.0,9612.70888543129
119053.0,868.0,2.0,nan,21.54217213998829,238106,119053.0,9612.801727056503
119054.0,869.0,2.0,nan,42.84448802811146,238108,119054.0,9612.84840798378
119055.0,870.0,2.0,nan,19.743104065071265,238110,119055.0,9612.949709653854
119056.0,871.0,2.0,nan,44.567864372200766,238112,119056.0,9612.994585514069
119057.0,872.0,2.0,nan,18.928304202825952,238114,119057.0,9613.100247859955
119058.0,873.0,2.0,nan,43.82030172593924,238116,119058.0,9613.145889759064
119059.0,874.0,2.0,nan,11.050320894500006,238118,119059.0,9613.326880455017
119060.0,875.0,2.0,nan,39.18482048599109,238120,119060.0,9613.377921104431
119061.0,876.0,2.0,nan,13.14161460324224,238122,119061.0,9613.530109882355
119062.0,877.0,2.0,nan,41.72129133654626,238124,119062.0,9613.57804775238
119063.0,878.0,2.0,nan,19.673049547257158,238126,119063.0,9613.679710388184
119064.0,879.0,2.0,nan,43.760409819817,238128,119064.0,9613.725414514542
119065.0,880.0,2.0,nan,20.493508904795643,238130,119065.0,9613.823007106781
119066.0,881.0,2.0,nan,43.90286384190253,238132,119066.0,9613.868562936783
119067.0,882.0,2.0,nan,18.576498490824257,238134,119067.0,9613.976226568222
119068.0,883.0,2.0,nan,42.62309142366457,238136,119068.0,9614.023149967194
119069.0,884.0,2.0,nan,18.87107499741295,238138,119069.0,9614.129132986069
119070.0,885.0,2.0,nan,42.036150072410386,238140,119070.0,9614.176711797714
119071.0,886.0,2.0,nan,13.04103711327064,238142,119071.0,9614.330074310303
119072.0,887.0,2.0,nan,42.51917481879467,238144,119072.0,9614.37711238861
119073.0,888.0,2.0,nan,21.99044737932083,238146,119073.0,9614.468061685562
119074.0,889.0,2.0,nan,41.47007380821728,238148,119074.0,9614.516289949417
119075.0,890.0,2.0,nan,20.900822966316436,238150,119075.0,9614.611980438232
119076.0,891.0,2.0,nan,44.524811176042846,238152,119076.0,9614.656899690628
119077.0,892.0,2.0,nan,18.80988770494744,238154,119077.0,9614.76322722435
119078.0,893.0,2.0,nan,42.684686426663276,238156,119078.0,9614.810082912445
119079.0,894.0,2.0,nan,19.292272381254644,238158,119079.0,9614.913752317429
119080.0,895.0,2.0,nan,44.81596760320335,238160,119080.0,9614.958379507065
119081.0,896.0,2.0,nan,12.769020473399802,238162,119081.0,9615.115009069443
119082.0,897.0,2.0,nan,43.768629538031284,238164,119082.0,9615.160704135895
119083.0,898.0,2.0,nan,21.5612747680943,238166,119083.0,9615.253463506699
119084.0,899.0,2.0,nan,43.93022366760407,238168,119084.0,9615.298990726471
119085.0,900.0,2.0,nan,19.36544667962528,238170,119085.0,9615.402268409729
119086.0,901.0,2.0,nan,43.98873617585829,238172,119086.0,9615.447734594345
119087.0,902.0,2.0,nan,19.588612900740006,238174,119087.0,9615.549835205078
119088.0,903.0,2.0,nan,44.33045674817285,238176,119088.0,9615.59495139122
119089.0,904.0,2.0,nan,19.455183034306177,238178,119089.0,9615.697752475739
119090.0,905.0,2.0,nan,44.924210616511715,238180,119090.0,9615.742272138596
119091.0,906.0,2.0,nan,13.115930291100014,238182,119091.0,9615.89475941658
119092.0,907.0,2.0,nan,44.78103830241559,238184,119092.0,9615.939421653748
119093.0,908.0,2.0,nan,22.03249478644107,238186,119093.0,9616.030197143555
119094.0,909.0,2.0,nan,43.4469563956349,238188,119094.0,9616.07623052597
119095.0,910.0,2.0,nan,20.755404352182897,238190,119095.0,9616.172591686249
119096.0,911.0,2.0,nan,44.6185939885217,238192,119096.0,9616.217416524887
119097.0,912.0,2.0,nan,19.195987166989323,238194,119097.0,9616.321605443954
119098.0,913.0,2.0,nan,42.48536569307206,238196,119098.0,9616.368681192398
119099.0,914.0,2.0,nan,19.13254737744813,238198,119099.0,9616.473215341568
119100.0,915.0,2.0,nan,43.73348904135299,238200,119100.0,9616.518948078156
119101.0,916.0,2.0,nan,12.850530727669073,238202,119101.0,9616.674583911896
119102.0,917.0,2.0,nan,41.86517078234484,238204,119102.0,9616.722356796265
119103.0,918.0,2.0,nan,21.12302489606704,238206,119103.0,9616.817040920258
119104.0,919.0,2.0,nan,44.4497856624329,238208,119104.0,9616.862035989761
119105.0,920.0,2.0,nan,19.98405774659631,238210,119105.0,9616.962116003036
119106.0,921.0,2.0,nan,46.2207724943523,238212,119106.0,9617.005387067795
119107.0,922.0,2.0,nan,19.320443223249182,238214,119107.0,9617.108904838562
119108.0,923.0,2.0,nan,43.989428199857365,238216,119108.0,9617.154371023178
119109.0,924.0,2.0,nan,25.4440804639538,238218,119109.0,9617.232975006104
119110.0,925.0,2.0,nan,45.19334540125851,238220,119110.0,9617.27722978592
119111.0,926.0,2.0,nan,14.058287051157864,238222,119111.0,9617.419495105743
119112.0,927.0,2.0,nan,45.14907587810418,238224,119112.0,9617.46379327774
119113.0,928.0,2.0,nan,22.931284939108565,238226,119113.0,9617.551011323929
119114.0,929.0,2.0,nan,45.855174185648615,238228,119114.0,9617.594627380371
119115.0,930.0,2.0,nan,22.241156413886724,238230,119115.0,9617.684551239014
119116.0,931.0,2.0,nan,46.20727871633718,238232,119116.0,9617.727835416794
119117.0,932.0,2.0,nan,20.706937111063386,238234,119117.0,9617.82442188263
119118.0,933.0,2.0,nan,45.393882984480186,238236,119118.0,9617.86848115921
119119.0,934.0,2.0,nan,19.83760263347081,238238,119119.0,9617.969300031662
119120.0,935.0,2.0,nan,45.03321952371749,238240,119120.0,9618.013712406158
